Symbol,Name,Last,Change,%Chg,High,Low,Volume,Time
AAOI,Applied Optoelect,38.23,-1.49,-3.75%,40.21,37.55,985900,7/27/2018
AAON,Aaon Inc,36.65,0.15,0.41%,36.75,36.3,179400,7/27/2018
AAT,American Assets Trust,36.77,-0.91,-2.42%,37.65,36.66,187300,7/27/2018
AAWW,Atlas Air Ww,67.25,-0.55,-0.81%,68.45,66.75,179100,7/27/2018
AAXN,Axon Inc,68.76,-3.74,-5.16%,73.11,67.51,902000,7/27/2018
ABAX,Abaxis Inc,83.05,-0.18,-0.22%,83.2,83.04,98500,7/27/2018
ABCB,Ameris Bancorp,49.58,-1.27,-2.51%,49.85,45.6,337200,7/27/2018
ABG,Asbury Automotive Group Inc,68.15,-0.05,-0.07%,69.3,67.95,256000,7/27/2018
ABM,ABM Industries Incorporated,30.82,0.02,0.06%,31.13,30.73,530100,7/27/2018
ACET,Aceto Cp,3.15,-0.18,-5.41%,3.4,3.14,204100,7/27/2018
ACLS,Axcelis Tech Inc,22.25,0.75,3.49%,22.45,21.6,453700,7/27/2018
ACOR,Acorda Therapeutics,23.95,-0.85,-3.43%,25.2,23.8,366600,7/27/2018
ADC,Agree Realty Corp,52.21,-1.18,-2.21%,53.49,51.85,285100,7/27/2018
ADTN,Adtran Inc,16.3,-0.2,-1.21%,16.5,16.15,238100,7/27/2018
AEGN,Aegion Corp,24.51,-0.36,-1.45%,25.42,24.43,57300,7/27/2018
AEIS,Advanced Energy,60,1.61,2.76%,60.84,59.16,388100,7/27/2018
AEL,American Equity Investment Life,35.81,0.1,0.28%,36.55,35.69,359400,7/27/2018
AGYS,Agilysys Inc,16.13,-0.51,-3.06%,16.7,16.05,79400,7/27/2018
AHH,Armada Hoffler Properties Inc,14.81,-0.35,-2.31%,15.25,14.78,169500,7/27/2018
AIN,Albany International Corp,66.1,-0.95,-1.42%,67.25,65.53,86000,7/27/2018
AIR,AAR Corp,47.45,-0.12,-0.25%,47.9,47.28,111900,7/27/2018
AIT,Applied Industrial Technologies,73.55,-1.15,-1.54%,74.95,73.47,83300,7/27/2018
AJRD,Aerojet Rocketdyne Holdings,28.07,-1.19,-4.07%,29.45,28,444800,7/27/2018
AKR,Acadia Realty Trust,26.36,-0.81,-2.98%,27.19,26.28,486800,7/27/2018
AKS,AK Steel Holding Corp,5.25,0.06,1.16%,5.28,5.13,12977700,7/27/2018
ALG,Alamo Group,91.03,-0.12,-0.13%,92.22,90.34,40200,7/27/2018
ALGT,Allegiant Travel Com,124.85,6.8,5.76%,125.15,118.32,364700,7/27/2018
ALRM,Alarm.Com,42.78,-1.14,-2.60%,44.38,42.64,164400,7/27/2018
AMAG,Amag Pharmaceuticals,22.05,-0.45,-2.00%,22.5,21.55,432700,7/27/2018
AMBC,Ambac Financial Grp,19.92,-0.27,-1.34%,20.4,19.77,306700,7/27/2018
AMED,Amedisys Inc,93.76,-2.65,-2.75%,96.71,93.47,193300,7/27/2018
AMN,Amn Healthcare Services Inc,61.1,-1.1,-1.77%,62.4,60.9,314600,7/27/2018
AMPH,Amphastar Pharma,17.19,-0.24,-1.38%,17.42,17.05,121200,7/27/2018
AMSF,Amerisafe Inc,63.3,-1.1,-1.71%,64.75,62.95,46300,7/27/2018
AMWD,Amer Woodmark Cp,82.1,-2.7,-3.18%,85,82,156000,7/27/2018
ANDE,Andersons Inc,34.4,-0.52,-1.50%,35.2,34.2,118700,7/27/2018
ANF,Abercrombie & Fitch Company,23.15,-0.98,-4.06%,24.37,23.02,2141600,7/27/2018
ANGO,Angiodynamics Inc,21.42,-0.46,-2.10%,21.88,21.04,252800,7/27/2018
ANIK,Anika Therapeutics,40.05,-0.63,-1.55%,42.5,38.31,450400,7/27/2018
ANIP,ANI Pharma Inc,68.08,-2.65,-3.75%,70.98,66.65,98600,7/27/2018
APEI,American Pub. Edu.,44.75,-0.7,-1.54%,46,44,60400,7/27/2018
APOG,Apogee Entrpr Inc,49.21,0.08,0.16%,49.63,48.94,246600,7/27/2018
ARCB,Arcbest Corp,44.4,-0.1,-0.22%,44.7,43.35,222500,7/27/2018
ARI,Apollo Commercial Real Estate,18.85,0.01,0.05%,18.89,18.77,1138300,7/27/2018
AROC,Archrock Inc,13.15,-0.15,-1.13%,13.35,13,951300,7/27/2018
ARR,Armour Residential R,23.52,0.04,0.17%,23.62,23.35,417800,7/27/2018
ASGN,On Assignment,90.45,-1.86,-2.01%,92.12,88.89,461000,7/27/2018
ASIX,Advansix Inc,39.45,-0.78,-1.94%,40.5,39.29,87500,7/27/2018
ASNA,Ascena Retail Grp,3.42,-0.21,-5.79%,3.68,3.39,2444500,7/27/2018
ASTE,Astec Inds Inc,48.27,-1.39,-2.80%,49.77,48.15,215500,7/27/2018
ATNI,Atn International,62.2,-3.04,-4.66%,64.4,60.46,81800,7/27/2018
ATU,Actuant Corp,27.95,-0.5,-1.76%,28.55,27.8,206400,7/27/2018
AVA,Avista Corp,50.21,-0.32,-0.63%,50.55,50.16,205600,7/27/2018
AVAV,Aerovironment Inc,72.09,-3.11,-4.14%,76.32,71.72,406400,7/27/2018
AVD,American Vanguard Corp,21.25,-0.25,-1.16%,21.55,21,86400,7/27/2018
AVP,Avon Products,1.52,-0.03,-1.94%,1.56,1.51,3145000,7/27/2018
AWR,American States Water Company,60.33,-1.19,-1.93%,61.66,60.07,169700,7/27/2018
AXE,Anixter International Inc,70,0.05,0.07%,70.4,69.25,392000,7/27/2018
AXL,American Axle & Manufacturing,16.09,0.64,4.14%,16.12,15.43,1703200,7/27/2018
AZZ,Azz Inc,53.7,-0.6,-1.10%,54.5,53.2,148100,7/27/2018
B,Barnes Group,68.3,4.15,6.47%,69.77,64.41,566600,7/27/2018
BABY,Natus Medical Inc,34.55,0.45,1.32%,35.05,32.5,454300,7/27/2018
BANC,First Pactrust Bancorp,20,-0.15,-0.74%,20.34,19.88,701700,7/27/2018
BANR,Banner Corp,62.86,-0.56,-0.88%,64,62.18,121800,7/27/2018
BCC,Boise Cascade L.L.C.,42.95,-0.4,-0.92%,43.7,42.7,369300,7/27/2018
BCOR,Blucora Inc,36.4,-1.55,-4.08%,38,35.95,310000,7/27/2018
BCPC,Balchem Cp,98.53,-2.04,-2.03%,100.49,97.84,65400,7/27/2018
BEAT,Biotelemetry Inc,52.75,-0.95,-1.77%,55.34,52.55,600700,7/27/2018
BEL,Belmond Ltd,11,-0.35,-3.08%,11.45,11,402300,7/27/2018
BELFB,Bel Fuse Inc Cl B,22.15,-0.8,-3.49%,23.05,22.1,11300,7/27/2018
BFS,Saul Centers,52.28,-1.54,-2.86%,54.02,52.14,41400,7/27/2018
BGFV,Big 5 Sporting,6.35,-0.05,-0.78%,6.45,6.15,197100,7/27/2018
BGG,Briggs & Stratton Corp,16.95,-0.02,-0.12%,17.12,16.84,234300,7/27/2018
BGS,B&G Foods Holdings,31.2,-0.4,-1.27%,31.75,30.8,557300,7/27/2018
BHE,Benchmark Electronics,24.15,-0.35,-1.43%,24.7,24.1,566800,7/27/2018
BHLB,Berkshire Hills Bancorp,40.55,-0.6,-1.46%,41.25,40.45,156300,7/27/2018
BJRI,Bj's Restaurants Inc,64,2.4,3.90%,73.05,63.7,1117800,7/27/2018
BKE,Buckle Inc,23.15,-1.15,-4.73%,24.45,23.05,480800,7/27/2018
BKS,Barnes & Noble,5.95,-0.05,-0.83%,6,5.85,1443800,7/27/2018
BLD,Topbuild Corp,74.53,-0.87,-1.15%,75.58,73.84,207900,7/27/2018
BMI,Badger Meter,50.8,-1.55,-2.96%,52.38,50.7,110700,7/27/2018
BNED,Barnes & Noble Education Inc C,5.36,-0.04,-0.74%,5.42,5.28,383200,7/27/2018
BOFI,Bofi Holding Inc,38.83,-1.42,-3.53%,40.73,38.1,1158900,7/27/2018
BPFH,Boston Pvt Finl Hldg,14.5,-0.1,-0.68%,14.65,14.25,389800,7/27/2018
BRC,Brady Corp,36.9,-0.75,-1.99%,37.85,36.9,121300,7/27/2018
BRKL,Brookline Bancorp,18.5,-0.2,-1.07%,18.7,18.15,425400,7/27/2018
BRKS,Brooks Automation,31.07,0.49,1.60%,31.55,30.53,580800,7/27/2018
BRS,Bristow Group Inc,14,-0.64,-4.37%,14.79,13.95,302400,7/27/2018
CACI,Caci International,176.15,-0.75,-0.42%,177.6,174.8,88800,7/27/2018
CAL,Caleres Inc,33.28,-1.42,-4.09%,34.71,33.17,363000,7/27/2018
CALM,Cal-Maine Foods In,45,-0.1,-0.22%,45.35,44.45,332600,7/27/2018
CAMP,Calamp Corp,22.26,-0.85,-3.68%,23.23,22.22,431200,7/27/2018
CASH,Meta Financial Grp,90.8,-6.15,-6.34%,91.65,82,295700,7/27/2018
CATM,Cardtronics Inc,24.91,-1.46,-5.54%,26.53,24.87,238800,7/27/2018
CATO,Cato Corp,25.1,-1.36,-5.14%,26.53,25,264400,7/27/2018
CBB,Cincinnati Bell Inc,13.05,-0.4,-2.97%,13.55,13,275000,7/27/2018
CBL,Cbl & Associates Properties,5.19,-0.19,-3.53%,5.44,5.18,2865800,7/27/2018
CBM,Cambrex Corp,61.3,-1.2,-1.92%,62.65,61.15,398500,7/27/2018
CBU,Community Bank System,64.21,-0.71,-1.09%,65.33,63.98,182000,7/27/2018
CCMP,Cabot Microelectron,118.88,0.29,0.24%,119.66,116.41,153600,7/27/2018
CCOI,Cogent Comm Hldgs,52.2,-0.65,-1.23%,53.1,51.9,160800,7/27/2018
CCRN,Cross Ctry Hlthcr,11.73,-0.2,-1.68%,12.12,11.69,128100,7/27/2018
CDR,Cedar Shopping Centers Inc,4.55,-0.29,-5.99%,4.88,4.54,266700,7/27/2018
CECO,Career Education,18.23,-0.3,-1.62%,18.59,18.13,296300,7/27/2018
CEIX,Consol Energy Inc,40.97,-1.29,-3.05%,42.24,40.49,272100,7/27/2018
CENT,Central Garden,42.59,-0.41,-0.95%,43.15,42.06,51800,7/27/2018
CENTA,Central Garden & Pet,39.61,-0.26,-0.65%,40.05,39.1,164500,7/27/2018
CENX,Century Aluminum C,13.04,-0.17,-1.29%,13.36,13.02,721700,7/27/2018
CEVA,Ceva Inc,30.85,-0.65,-2.06%,31.6,30.35,130700,7/27/2018
CHCO,City Holding Co,81.78,-0.25,-0.30%,82.21,81.13,64700,7/27/2018
CHCT,Community Healthcare Trust Inc,29.83,-0.82,-2.68%,30.7,29.52,93400,7/27/2018
CHS,Chico's Fas,8.62,-0.34,-3.79%,9.05,8.61,1994200,7/27/2018
CHSP,Chesapeake Lodging Trust,31.12,-0.92,-2.87%,32.34,30.96,359100,7/27/2018
CHUY,Chuy's Holdings Inc,32.45,-0.4,-1.22%,33,32.2,55200,7/27/2018
CIR,Circor International,43.13,2.69,6.65%,45.19,42.42,532900,7/27/2018
CJ,C&J Energy Services Inc,23.53,1.05,4.67%,23.58,22.45,1178100,7/27/2018
CKH,Seacor Smit Inc,53.25,-0.91,-1.68%,54.42,53.15,105900,7/27/2018
CLD,Cloud Peak Energy Inc,2.71,-0.28,-9.36%,2.92,2.68,1527100,7/27/2018
CLDT,Chatham Lodging Trust [Reit],21.29,-0.55,-2.52%,21.84,21.27,202400,7/27/2018
CLW,Clearwater Paper Corp,21.9,-0.45,-2.01%,22.4,21.79,125700,7/27/2018
CMO,Capstead Mortgage Corp,8.29,-0.05,-0.60%,8.39,8.28,769900,7/27/2018
CMTL,Comtech Telecom Co,33.44,-0.8,-2.32%,34.62,33.22,86300,7/27/2018
CNMD,C O N M E D Cp,73.44,-2.04,-2.70%,75.8,72.81,113000,7/27/2018
CNSL,Consolidated Communications Holdings Inc,12.48,-0.08,-0.64%,12.81,12.47,400900,7/27/2018
COHU,Cohu Inc,25.54,0.64,2.57%,25.62,25.01,260600,7/27/2018
COKE,Coca Cola Bot Cons,139.93,1.53,1.11%,140.68,138.2,59400,7/27/2018
COLB,Columbia Banking Sys,41.31,-0.72,-1.71%,42.34,40.98,222800,7/27/2018
CORE,Core Mark Holding,23.94,-0.82,-3.31%,24.82,23.84,287600,7/27/2018
CORT,Corcept Therapeutics,12.73,-0.43,-3.27%,13.27,12.71,1132000,7/27/2018
CPF,Central Pacific Financial Co,28.09,-0.51,-1.78%,28.79,27.94,105800,7/27/2018
CPLA,Capella Education Co,104.55,-1.05,-0.99%,105.72,104.15,70300,7/27/2018
CPS,Cooper Std Hldg Inc,134.07,-0.89,-0.66%,137.48,134.06,111200,7/27/2018
CPSI,Computer Programs,33.85,-0.25,-0.73%,34.15,33.25,111100,7/27/2018
CRAY,Cray Inc,24.45,-1.35,-5.23%,25.8,24.45,185900,7/27/2018
CROX,Crocs Inc,18.08,-0.64,-3.42%,18.82,18,832500,7/27/2018
CRR,Carbo Ceramics,9.78,-0.61,-5.87%,10.61,9.62,654500,7/27/2018
CRVL,Corvel Cp,54.8,-1.65,-2.92%,56.35,54.6,11700,7/27/2018
CRY,Cryolife,29.65,-1.35,-4.35%,31.1,29.55,85900,7/27/2018
CRZO,Carrizo Oil & Gas,27.72,-0.75,-2.63%,28.93,27.64,1431200,7/27/2018
CSGS,C S G Sys Intl,41.22,-0.24,-0.58%,41.94,40.94,153800,7/27/2018
CTB,Cooper Tire & Rubber Company,26.6,1.55,6.19%,26.75,24.65,1106900,7/27/2018
CTRE,Caretrust REIT Inc,16.46,-0.38,-2.26%,16.92,16.3,364400,7/27/2018
CTRL,Control4 Corp,25.21,-0.35,-1.37%,25.89,24.98,199100,7/27/2018
CTS,Cts Corp,35.35,-0.35,-0.98%,36.45,35.25,223100,7/27/2018
CUB,Cubic Corp,67.75,-1.35,-1.95%,69.3,67,58200,7/27/2018
CUBI,Customers Bancorp,25.81,-0.04,-0.15%,26.01,25.46,445900,7/27/2018
CUTR,Cutera Inc,42.15,0.35,0.84%,42.35,41.1,107300,7/27/2018
CVBF,Cvb Financial Corp,23.64,-0.03,-0.13%,23.87,23.46,495300,7/27/2018
CVCO,Cavco Inds Inc,208.8,-8.3,-3.82%,217.4,207.55,29800,7/27/2018
CVGW,Calavo Growers Inc,92.25,-0.7,-0.75%,93.6,91.35,83500,7/27/2018
CWT,California Water Service Group Holding,41.1,-0.85,-2.03%,42.15,40.95,246400,7/27/2018
CYH,Community Health Systems,3.12,-0.16,-4.88%,3.45,2.95,4533300,7/27/2018
CYTK,Cytokinetics,7.45,-0.45,-5.70%,8.15,7.15,428700,7/27/2018
DAKT,Daktronics Inc,8.32,-0.11,-1.30%,8.48,8.28,124100,7/27/2018
DAR,Darling International Inc,20,-0.22,-1.09%,20.28,19.98,778000,7/27/2018
DBD,Diebold Nixdorf Inc,10.85,-0.05,-0.46%,11,10.4,1459200,7/27/2018
DCOM,Dime Community Bncsh,17.9,-1.7,-8.67%,19.6,17.9,475800,7/27/2018
DDD,3D Systems Corp,12.41,-0.76,-5.77%,13.22,12,3808700,7/27/2018
DEA,Easterly Government Properties,18.85,-0.48,-2.48%,19.39,18.84,441700,7/27/2018
DEPO,Depomed Inc,8.25,-0.15,-1.79%,8.46,8.13,570300,7/27/2018
DF,Dean Foods Company,9.79,-0.01,-0.10%,9.95,9.7,1267100,7/27/2018
DFIN,Donnelly Financial Solutions Inc,20.72,-0.21,-1.00%,21,20.45,184500,7/27/2018
DGII,Digi Intl Inc,13.55,0.05,0.37%,14.45,13.2,329300,7/27/2018
DIN,Dineequity Inc,71.81,-0.35,-0.49%,73.39,71.71,279100,7/27/2018
DIOD,Diodes Inc,37.56,-0.93,-2.42%,38.68,37.52,336100,7/27/2018
DNR,Denbury Resources,4.19,-0.32,-7.10%,4.55,4.19,10935500,7/27/2018
DORM,Dorman Products Inc,72.17,-0.16,-0.22%,73.59,70,134200,7/27/2018
DPLO,Diplomat Pharmacy Inc,21.9,-0.16,-0.73%,22.49,21.8,2740300,7/27/2018
DRH,Diamondrock Hospitality Company,11.74,-0.15,-1.26%,11.94,11.73,1291700,7/27/2018
DSPG,D S P Group Inc,12.8,-0.2,-1.54%,13.05,12.65,63500,7/27/2018
DSW,DSW Inc,26.81,-0.74,-2.69%,27.63,26.67,693700,7/27/2018
DXPE,Dxp Enterprise,40.6,-1.79,-4.22%,42.46,40.53,57100,7/27/2018
EBIX,Ebix Inc,81.5,-3,-3.55%,84.55,81.4,121500,7/27/2018
EBS,Emergent Biosolutions,53.58,-1.65,-2.99%,55.08,53.28,197200,7/27/2018
ECHO,Echo Global Logistic,32.4,0.4,1.25%,33.35,31.8,629500,7/27/2018
ECOL,US Ecology Inc,66.9,-0.35,-0.52%,68.25,66.7,51900,7/27/2018
ECPG,Encore Capital Grp,36.4,-0.2,-0.55%,36.7,36.2,165400,7/27/2018
EE,El Paso Electric Company,61.15,-0.3,-0.49%,61.5,60.8,169100,7/27/2018
EFII,Elec Imaging Inc,33.63,-1.15,-3.31%,34.51,33.42,557300,7/27/2018
EGHT,8X8 Inc,20.75,-1.3,-5.90%,23.1,20.6,2420600,7/27/2018
EGL,Engility Holdings Inc,34.19,-0.74,-2.12%,34.94,33.83,62600,7/27/2018
EGOV,Nic Inc,16.05,-0.55,-3.31%,16.6,16,288700,7/27/2018
EGP,Eastgroup Properties,94.15,-0.99,-1.04%,95.35,93.97,108300,7/27/2018
EGRX,Eagle Pharmaceutical,80.45,-1.21,-1.48%,82.2,80.13,232900,7/27/2018
EHTH,Ehealth Inc,23.16,0.16,0.70%,25,22.3,321300,7/27/2018
EIG,Employers Holdings Inc,45.35,-0.3,-0.66%,46.7,44.85,140200,7/27/2018
ELY,Callaway Golf Company,19.29,-0.28,-1.43%,19.76,19.12,765600,7/27/2018
ENDP,Endo Int'l Plc,12.09,-0.01,-0.08%,12.14,11.94,2371100,7/27/2018
ENSG,The Ensign Group In,37.11,-0.94,-2.47%,38.09,36.98,133100,7/27/2018
ENTA,Enanta Pharmaceutica,96,-22.67,-19.10%,118.46,95.1,658500,7/27/2018
ENVA,Enova International Inc,31.5,-4.9,-13.46%,38.1,30.45,886300,7/27/2018
EPAY,Bottomline Tech In,55.82,-1.53,-2.67%,57.37,55.26,350700,7/27/2018
ERA,Era Group Inc,13.9,-0.2,-1.42%,14.23,13.81,43000,7/27/2018
ESE,Esco Technologies Inc,61.55,-1.15,-1.83%,63.74,61.5,73700,7/27/2018
ESIO,Electro Sci Inds,17.63,0.33,1.91%,17.84,17.35,463900,7/27/2018
ESND,Essendant Inc,15.53,2.36,17.92%,16.1,14.15,693800,7/27/2018
ETH,Ethan Allen Interiors Inc,22.35,-0.15,-0.67%,22.55,21.8,332300,7/27/2018
EVTC,Evertec Inc,24.05,-0.45,-1.84%,24.67,23.9,456100,7/27/2018
EXLS,Exlservice Holdings,60.19,-1.6,-2.59%,61.94,60.11,71200,7/27/2018
EXPO,Exponent Inc,49.25,-1.05,-2.09%,50.4,48.95,195000,7/27/2018
EXPR,Express Inc,9.52,-0.49,-4.90%,10.1,9.5,1596400,7/27/2018
EXTN,Exterran Corp,27,-0.05,-0.18%,27.27,26.79,104300,7/27/2018
EXTR,Extreme Networks,8.5,-0.34,-3.85%,8.91,8.43,1086500,7/27/2018
EZPW,Ezcorp Inc,11.55,-0.5,-4.15%,12.1,11.55,571900,7/27/2018
FARO,Faro Tech Inc,69.15,0.7,1.02%,70.2,66.9,186100,7/27/2018
FBP,First Bancorp,8.34,0.01,0.12%,8.44,8.23,1152600,7/27/2018
FCF,First Commonwealth Financial Corp,17.6,-0.12,-0.68%,17.91,17.49,440500,7/27/2018
FCFS,First Cash Fin Svcs,82.4,-6.7,-7.52%,89.65,82.05,554400,7/27/2018
FCN,Fti Consulting,75.52,0.13,0.17%,77.95,73.13,656500,7/27/2018
FCPT,Four Corners Property Trust In,24.76,-0.13,-0.52%,24.99,24.53,220000,7/27/2018
FELE,Franklin Electric Co,47.7,-1.15,-2.35%,49.25,47.65,135600,7/27/2018
FF,Futurefuel Corp,13.43,-0.3,-2.18%,13.76,13.4,33100,7/27/2018
FFBC,First Finl Bncp [Oh],30.75,-0.5,-1.60%,31.4,30.75,266900,7/27/2018
FFIN,First Finl Bkshs Inc,56.35,-1.3,-2.25%,58.05,56.22,215500,7/27/2018
FIX,Comfort Systems USA,54.35,5.25,10.69%,59.05,51.55,854300,7/27/2018
FLOW,SPX Flow Inc,45.34,-0.72,-1.56%,46.22,45.1,93400,7/27/2018
FMBI,First Midwest Bncp,26.75,-0.17,-0.63%,27.18,26.62,519300,7/27/2018
FN,Fabrinet,38.59,-1.13,-2.84%,39.96,38.43,160400,7/27/2018
FNSR,Finisar Corp,16.99,-0.48,-2.75%,17.57,16.91,2473600,7/27/2018
FORM,Formfactor Inc,13.05,0.05,0.38%,13.35,12.85,358800,7/27/2018
FORR,Forrester Resrch,44.55,1.2,2.77%,44.65,42.5,34400,7/27/2018
FOSL,Fossil Group,24.49,-2.78,-10.19%,27.49,24.4,1328400,7/27/2018
FOXF,Fox Factory Cp,49.15,-0.85,-1.70%,50.25,48.75,137500,7/27/2018
FRAN,Francesca's Holdings,7.81,-0.17,-2.13%,8.13,7.68,494700,7/27/2018
FRGI,Fiesta Restaurant Gp,29.35,-0.45,-1.51%,30.05,29.15,148200,7/27/2018
FSB,Franklin Financial Network Inc,38.4,0.65,1.72%,38.55,37.65,193500,7/27/2018
FSP,Franklin Street Properties,8.44,-0.19,-2.20%,8.69,8.42,211000,7/27/2018
FSS,Federal Signal Corp,23.78,-0.39,-1.61%,24.3,23.73,112900,7/27/2018
FTD,Ftd Companies,3.38,-0.16,-4.52%,3.55,3.29,252800,7/27/2018
FTK,Flotek Industries,3.05,-0.02,-0.65%,3.13,3,368200,7/27/2018
FTR,Frontier Commun Cp,4.83,-0.31,-6.03%,5.2,4.82,2995500,7/27/2018
FUL,H. B. Fuller Company,56.41,-0.25,-0.44%,56.82,56.31,266300,7/27/2018
FWRD,Foward Air Corp,62.41,-0.17,-0.27%,63.14,61.7,128200,7/27/2018
GBCI,Glacier Bancorp Inc,43.67,-0.33,-0.75%,44.19,43.55,316200,7/27/2018
GBX,Greenbrier Companies,56.55,-0.9,-1.57%,57.8,56.47,303200,7/27/2018
GCI,Gannett Co. Inc,10.3,-0.06,-0.58%,10.39,10.05,1723600,7/27/2018
GCO,Genesco Inc,40,-1.05,-2.56%,41.25,39.55,304600,7/27/2018
GDOT,Green Dot Corp,80.49,-3.02,-3.62%,83.73,80.49,304100,7/27/2018
GEOS,Geospace Technologie,14.54,-0.01,-0.07%,14.62,14.24,48400,7/27/2018
GES,Guess Inc,21.96,-0.86,-3.77%,22.99,21.87,307700,7/27/2018
GFF,Griffon Corp,17.45,-0.45,-2.51%,17.95,17.25,212700,7/27/2018
GHL,Greenhill & Co. Inc,32.4,-0.05,-0.15%,32.65,31.8,359500,7/27/2018
GIFI,Gulf Island Fab,9.2,-0.1,-1.08%,9.3,9.05,45200,7/27/2018
GIII,G-III Apparel Gp I,44.9,-1.99,-4.24%,47.31,44.31,336300,7/27/2018
GLT,Glatfelter,20.15,-0.12,-0.59%,20.36,20.14,159100,7/27/2018
GME,Gamestop Corp,14.83,0.02,0.14%,14.97,14.55,1414500,7/27/2018
GNBC,Green Bancorp,24.3,0,unch,25,24.3,280800,7/27/2018
GNL,Global Net Lease Inc,20.6,-0.43,-2.04%,21.1,20.51,275900,7/27/2018
GOV,Government Properties Income Trust,14.7,-1.04,-6.61%,15.4,14.69,1380700,7/27/2018
GPI,Group 1 Automotive,68.96,4.01,6.17%,69.42,65.14,371900,7/27/2018
GPRE,Green Plains Inc,16.3,0.3,1.87%,16.4,15.85,841500,7/27/2018
GTLS,Chart Industries In,74.54,0.5,0.68%,75.1,73.26,328200,7/27/2018
GTY,Getty Realty Corp,28.08,-0.79,-2.74%,28.87,28.04,102300,7/27/2018
GWB,Great Western Bancorp Inc,42.3,-0.8,-1.86%,43.36,42.22,256000,7/27/2018
HA,Hawaiian Hldgs Inc,39.3,-1.25,-3.08%,40.8,39,818400,7/27/2018
HAFC,Hanmi Financial Cp,24.75,-0.3,-1.20%,25.25,24.6,260200,7/27/2018
HAYN,Haynes Intl Inc,41.74,-0.52,-1.23%,42.45,41.31,48700,7/27/2018
HCI,Homeowners Choice,42.36,-0.52,-1.21%,43.24,41.85,34400,7/27/2018
HF,HFF Inc,44,5.06,12.99%,45.38,40.48,1235500,7/27/2018
HI,Hillenbrand Inc,49.3,-0.7,-1.40%,50.4,49.17,320200,7/27/2018
HIBB,Hibbett Sports Inc,23.2,-0.5,-2.11%,24.05,23.05,291000,7/27/2018
HLIT,Harmonic Inc,4.5,0.1,2.27%,4.57,4.35,421100,7/27/2018
HLX,Helix Energy Solutions Group,9.94,0.09,0.91%,10.25,9.82,2504600,7/27/2018
HMN,Horace Mann Educators Corp,43.5,-1,-2.25%,44.6,43.45,121900,7/27/2018
HMST,Homestreet Inc,29.35,-1.25,-4.08%,30.6,29.35,166900,7/27/2018
HMSY,Hms Hldgs Cp,23.64,-0.35,-1.46%,24.14,23.36,433800,7/27/2018
HOPE,Hope Bancorp Inc,16.95,-0.18,-1.05%,17.28,16.9,516400,7/27/2018
HPR,Highpoint Resources Corp.,6.76,-0.18,-2.59%,6.98,6.75,1169300,7/27/2018
HQY,Healthequity,76.4,-6.16,-7.46%,82.71,75.81,522800,7/27/2018
HSC,Harsco Corp,24.4,-0.2,-0.81%,24.7,24.15,362000,7/27/2018
HSII,Heidrick & Struggl,34.6,-0.85,-2.40%,35.6,34.4,124400,7/27/2018
HSKA,Heska Corp,101.01,-4.58,-4.34%,108.12,100.95,38200,7/27/2018
HSTM,Healthstream Inc,27.94,-0.42,-1.48%,28.44,27.62,201400,7/27/2018
HT,Hersha Hospitality Trust,21.22,-0.3,-1.39%,21.75,21.14,328000,7/27/2018
HTLD,Heartland Express,19.1,-0.1,-0.52%,19.28,18.91,592400,7/27/2018
HUBG,Hub Group Inc A,45.95,-0.35,-0.76%,46.5,45.05,467100,7/27/2018
HVT,Haverty Furniture Companies,19.9,-0.65,-3.16%,20.6,19.8,57000,7/27/2018
HWKN,Hawkins Inc,37.6,-1.1,-2.84%,39.15,37.57,25100,7/27/2018
HZO,Marinemax Inc,18.9,-0.05,-0.26%,19.65,18.2,491400,7/27/2018
IBP,Installed Building Products I,53,-1.75,-3.20%,54.85,52.7,129100,7/27/2018
IIIN,Insteel Industries,40.71,-1.24,-2.96%,42.35,40.63,216500,7/27/2018
IIVI,I I V I Inc,44.85,-1.05,-2.29%,46.15,44.65,383500,7/27/2018
INDB,Independent Bk Corp,89.3,-1,-1.11%,90.45,89.05,68600,7/27/2018
INGN,Inogen Inc,198.83,-5.82,-2.84%,204.66,193.82,173000,7/27/2018
INN,Summit Hotel Properties,13.66,-0.24,-1.73%,13.87,13.62,401600,7/27/2018
INTL,Intl Fcstone Inc,54.08,-1.19,-2.15%,55.5,53.68,31400,7/27/2018
INVA,Innoviva Inc,13.77,-0.04,-0.29%,14.16,13.39,1018900,7/27/2018
IOSP,Innospec Inc,79.35,-2.35,-2.88%,82.15,79.25,58400,7/27/2018
IPAR,Inter Parfums Inc,59.65,-0.25,-0.42%,60.35,58.97,123000,7/27/2018
IPHS,Innophos Hldngs Inc,48.1,-1.26,-2.55%,49.5,47.97,61600,7/27/2018
IRBT,Irobot Corp,80.16,-2.75,-3.32%,83.5,79.14,1007500,7/27/2018
IRDM,Iridium Comm Inc,17.95,-0.2,-1.10%,18.4,17.8,588000,7/27/2018
IRT,Independence Realty Trust Inc,9.86,-0.17,-1.69%,10.08,9.83,406400,7/27/2018
ITG,Investment Technology Group,22.43,-0.32,-1.41%,22.9,22.3,137000,7/27/2018
ITGR,Integer Holdings Corp,72.05,-1.2,-1.64%,73.8,71.35,161200,7/27/2018
ITRI,Itron Inc,59.4,-1.4,-2.30%,61,59.35,230800,7/27/2018
IVC,Invacare Corp,17.6,0.1,0.57%,17.85,17.2,266900,7/27/2018
IVR,Invesco Mortgage Capital Inc,16.17,0.01,0.06%,16.24,16.08,607100,7/27/2018
JBSS,John B Sanfilippo,77.99,-0.1,-0.13%,78.29,77.52,28500,7/27/2018
JBT,John Bean Technologies Corp,114.75,-0.6,-0.52%,120.45,113.7,533400,7/27/2018
JCP,J.C. Penney Company Inc,2.39,-0.04,-1.65%,2.47,2.31,18320699,7/27/2018
JJSF,J J Snack Foods,153.39,-1.68,-1.08%,155.46,153.1,39200,7/27/2018
JRVR,James River Gp HD,40.57,-0.87,-2.10%,41.48,40.57,55300,7/27/2018
KALU,Kaiser Aluminum,110.9,-0.41,-0.37%,112.79,110.49,110400,7/27/2018
KAMN,Kaman Corp,66.4,-0.34,-0.51%,67.29,66,119300,7/27/2018
KELYA,Kelly Svcs Cl A,24.03,-0.3,-1.23%,24.44,23.7,72600,7/27/2018
KEM,Kemet Corp,26.79,-0.96,-3.46%,27.86,26.33,1678700,7/27/2018
KFY,Korn/Ferry International,66.48,-0.82,-1.22%,67.56,65.69,356700,7/27/2018
KIRK,Kirkland's Inc,11.17,-0.21,-1.85%,11.42,11.13,78600,7/27/2018
KLIC,Kulicke and Soffa,26.89,0.4,1.51%,27.08,26.49,783400,7/27/2018
KN,Knowles Corp,17.65,-0.48,-2.65%,18.31,17.61,1238400,7/27/2018
KOP,Koppers Holdings Inc,36.75,-1.25,-3.29%,38.2,36.55,87600,7/27/2018
KOPN,Kopin Cp,3.04,-0.08,-2.56%,3.13,2.98,252800,7/27/2018
KRA,Kraton Performance Polymers Inc,47.49,-0.29,-0.61%,49.03,46.9,186700,7/27/2018
KRG,Kite Realty Group Trust,16.18,-0.6,-3.58%,16.84,16.06,648900,7/27/2018
KS,Kapstone Paper and Packaging Corp,34.79,0.06,0.17%,34.85,34.74,391200,7/27/2018
KWR,Quaker Chemical Corp,161.42,-3.22,-1.96%,165.69,160.01,27700,7/27/2018
LABL,Multi Color Cp,65.15,-0.55,-0.84%,65.85,65.15,93900,7/27/2018
LAD,Lithia Motors,82.16,-2.85,-3.35%,85.45,81.09,608300,7/27/2018
LCI,Lannett Co Inc,12.55,-0.25,-1.95%,12.85,12.31,289700,7/27/2018
LCII,Lci Industries,87.35,-2.9,-3.21%,90.5,87.3,170900,7/27/2018
LDL,Lydall Inc,45.1,-0.6,-1.31%,45.95,44.75,52900,7/27/2018
LGIH,LGI Homes Inc,53.03,-2.41,-4.35%,55.76,52.77,295100,7/27/2018
LGND,Ligand Pharm,223.08,-9.47,-4.07%,233.76,218,315900,7/27/2018
LHCG,LHC Group Inc,86.55,-2.52,-2.83%,88.98,86.4,101400,7/27/2018
LION,Fidelity Southern Cp,24.12,-0.4,-1.63%,24.86,24.02,99300,7/27/2018
LKSD,Lsc Communications Inc,14.14,-0.08,-0.56%,14.42,13.91,167900,7/27/2018
LL,Lumber Liquidators Holdings Inc,23.86,-0.61,-2.49%,24.65,23.59,621700,7/27/2018
LMAT,Lemaitre Vascular,34.72,-2.58,-6.93%,37.54,33.51,401600,7/27/2018
LMNX,Luminex Corp,33.21,-0.44,-1.31%,33.8,32.93,272300,7/27/2018
LNN,Lindsay Corp,91.43,-0.01,-0.01%,91.93,90.15,45200,7/27/2018
LNTH,Lantheus Holdings,13.3,-0.35,-2.56%,13.7,13,455100,7/27/2018
LOCO,El Pollo Loco,11.95,0.15,1.27%,12.02,11.75,298300,7/27/2018
LPSN,Liveperson Inc,23.35,-1.15,-4.69%,24.45,23.05,525700,7/27/2018
LQDT,Liquidity Services,7,-0.2,-2.78%,7.2,6.95,46100,7/27/2018
LTC,Ltc Properties,41.22,-0.4,-0.96%,41.98,40.85,236800,7/27/2018
LTXB,Legacytexas Fnl,44.1,-0.4,-0.90%,44.75,43.85,256100,7/27/2018
LXP,Lexington Realty Trust,8.57,-0.18,-2.06%,8.8,8.55,536200,7/27/2018
LXU,Lsb Industries Inc,6.41,-0.27,-4.04%,6.72,6.26,227500,7/27/2018
LZB,La-Z-Boy Inc,30.9,-0.75,-2.37%,31.65,30.7,436100,7/27/2018
MANT,Mantech Intl Cp A,57.94,-0.87,-1.48%,59.01,57.66,90300,7/27/2018
MATW,Matthews Intl Corp,50.65,-4.95,-8.90%,56.45,50.15,341600,7/27/2018
MATX,Matson Inc,35.31,-0.44,-1.23%,35.84,35.12,121400,7/27/2018
MCRI,Monarch Casino,47.1,-0.27,-0.57%,47.37,46.1,117500,7/27/2018
MCS,Marcus Corp,36.6,0.35,0.97%,37,36.15,225800,7/27/2018
MDC,M.D.C. Holdings,28.93,-0.77,-2.59%,29.79,28.62,419400,7/27/2018
MDCO,Medicines Co,39.28,-0.61,-1.53%,39.99,38.9,412100,7/27/2018
MDXG,Mimedx Group Inc,4.15,-0.65,-13.54%,4.55,3.96,4910000,7/27/2018
MED,Medifast Inc,174.69,-1.61,-0.91%,176.5,171.17,140100,7/27/2018
MEI,Methode Electronics,38.65,-0.4,-1.02%,39.1,38.65,152400,7/27/2018
MGLN,Magellan Health,72,-19,-20.88%,80,71.7,1196400,7/27/2018
MGPI,MGP Ingredients Inc,86.34,-3.47,-3.86%,90.51,85.79,194700,7/27/2018
MHLD,Maiden Holdings Ltd,8.55,-0.05,-0.58%,8.7,8.4,298800,7/27/2018
MHO,M/I Homes,25.63,-0.44,-1.69%,26.21,25.21,335400,7/27/2018
MINI,Mobile Mini Inc,41.65,2.4,6.11%,42.35,40.25,405800,7/27/2018
MLI,Mueller Industries,32.03,0,unch,32.22,31.9,298200,7/27/2018
MMSI,Merit Medical Sys,54.05,-1.35,-2.44%,55.8,53.95,587000,7/27/2018
MNRO,Monro Muffler Brak,63.95,-0.6,-0.93%,64.8,63.05,332400,7/27/2018
MNTA,Momenta Pharma,28.95,-1.85,-6.01%,30.75,28.85,553400,7/27/2018
MOG.A,Moog Inc Cl A,74.09,-6.59,-8.17%,81.3,73.1,241300,7/27/2018
MOV,Movado Group Inc,48.8,-1.5,-2.98%,50.8,48.45,106500,7/27/2018
MPAA,Motorcar Parts Amer,21.53,0.54,2.57%,21.6,20.95,89600,7/27/2018
MRCY,Mercury Sys Inc,40.8,-0.73,-1.76%,41.89,40.65,244500,7/27/2018
MRTN,Marten Transport L,21,-0.6,-2.78%,21.7,20.95,412100,7/27/2018
MSTR,Microstrategy Cl A,129.16,-8.22,-5.98%,138.5,128.48,126800,7/27/2018
MTH,Meritage Corp,42.3,-0.5,-1.17%,43.25,41.8,413600,7/27/2018
MTRN,Materion Corp,61.35,-0.15,-0.24%,63.45,61.05,152200,7/27/2018
MTRX,Matrix Service Co,19.65,-0.15,-0.76%,19.91,19.35,122600,7/27/2018
MTSC,M T S Systems Cp,52.85,-0.55,-1.03%,53.55,52.45,122200,7/27/2018
MXL,Maxlinear Inc,16.86,-0.2,-1.17%,17.19,16.81,511100,7/27/2018
MYE,Myers Industries,17.9,-0.25,-1.38%,18.2,17.7,150700,7/27/2018
MYGN,Myriad Genetics Inc,42.57,-0.64,-1.48%,43.38,42.23,446500,7/27/2018
MYRG,MYR Group Inc,37.04,0.15,0.41%,37.83,36.79,105200,7/27/2018
NANO,Nanometrics Inc,36.89,0.32,0.88%,37.43,36.6,223100,7/27/2018
NAVG,Navigators Grp Inc,59.7,-1.05,-1.73%,61.25,59.55,69000,7/27/2018
NBHC,National Bank Holdings Corp,40.04,-0.12,-0.30%,40.4,39.99,113700,7/27/2018
NBTB,NBT Bancorp Inc,41.06,-0.51,-1.23%,41.83,40.87,66700,7/27/2018
NCI,Navigant Consulting,21.2,-0.43,-1.99%,21.59,21.02,273100,7/27/2018
NE,Noble Corp,5.59,-0.17,-2.95%,5.82,5.57,3615400,7/27/2018
NEOG,Neogen Cp,81.02,-1.78,-2.15%,82.84,80.63,132800,7/27/2018
NEWM,New Media Investment Group Inc,18.04,-0.59,-3.17%,18.78,18.03,360700,7/27/2018
NFBK,Northfield Bncrp Del,16.21,-0.58,-3.45%,16.83,16.17,70500,7/27/2018
NGVT,Ingevity Corp,99.06,1.44,1.48%,100.2,98.07,473900,7/27/2018
NLS,Nautilus Group,13.95,-0.3,-2.11%,14.25,13.85,225700,7/27/2018
NMIH,Nmi Holdings Cmn A,20.7,0.1,0.49%,21.05,20.4,568100,7/27/2018
NP,Neenah Paper,87.35,-1.5,-1.69%,89.4,87.25,53700,7/27/2018
NPK,National Presto Industries,117.6,-3.95,-3.25%,122.45,117.5,24700,7/27/2018
NPO,Enpro Industries,73.82,-0.45,-0.61%,75.05,73.3,88700,7/27/2018
NR,Newpark Resources,10.7,1.05,10.88%,10.75,9.65,1497000,7/27/2018
NSA,National Storage Affiliates Tru,28.37,-0.78,-2.68%,29.41,28.29,395100,7/27/2018
NSIT,Insight Enterpr,50.11,-0.89,-1.75%,50.97,49.64,175900,7/27/2018
NSP,Insperity Inc,100.4,-1.85,-1.81%,104.05,99.1,289300,7/27/2018
NTGR,Netgear Inc,69.25,0.05,0.07%,69.8,68.6,557600,7/27/2018
NTRI,Nutrisystem Inc,39.3,-0.85,-2.12%,40.9,38.85,1231800,7/27/2018
NWBI,Northwest Bancshares,18.05,-0.19,-1.04%,18.3,18,262500,7/27/2018
NWN,Northwest Natural Gas Company,64.6,-0.65,-1.00%,65.4,63.95,138300,7/27/2018
NX,Quanex Building Products Corp,17.05,-0.2,-1.16%,17.45,16.95,197700,7/27/2018
NYMT,New York Mtge Trust,6.12,-0.01,-0.16%,6.15,6.09,1051700,7/27/2018
OCLR,Oclaro Inc,8.6,-0.09,-1.04%,8.72,8.58,2028600,7/27/2018
ODP,Office Depot,2.49,-0.07,-2.73%,2.6,2.49,5626900,7/27/2018
OFG,Oriental Financial Group,16.45,0,unch,16.65,16.38,249600,7/27/2018
OFIX,Orthofix Intl Nv,59.41,-0.68,-1.13%,60.81,58.89,167600,7/27/2018
OIS,Oil States International,33.85,0.6,1.80%,34.25,33,958300,7/27/2018
OMCL,Omnicell Inc,59.85,5.85,10.83%,63.45,56.5,1649200,7/27/2018
OMI,Owens & Minor,17.6,0.11,0.63%,17.63,17.29,464100,7/27/2018
ONB,Old National Bncp,19.48,-0.27,-1.39%,19.95,19.4,716500,7/27/2018
OPB,Opus Bank,27.9,-0.2,-0.71%,28.25,27.55,120000,7/27/2018
ORIT,Oritani Financial,16.45,-0.05,-0.30%,16.5,16.25,163300,7/27/2018
ORN,Orion Group Holdings Inc,9.12,-0.16,-1.72%,9.36,9.12,152000,7/27/2018
OSIS,O S I Systems Inc,77.1,-1.04,-1.33%,78.76,76.49,61300,7/27/2018
OSPN,Onespan Inc.,18.55,-1.95,-9.51%,20.8,18.15,664200,7/27/2018
OSUR,Orasure Tech Inc,16.65,-0.45,-2.63%,17.15,16.57,219900,7/27/2018
OXM,Oxford Industries,92.14,-3.5,-3.66%,96.08,91.45,173600,7/27/2018
PAHC,Phibro Anl Htlh A,47.15,-0.55,-1.15%,47.65,46.67,90200,7/27/2018
PARR,Par Petroleum Corp,17.27,-0.3,-1.71%,17.73,17.2,130300,7/27/2018
PATK,Patrick Inds Inc,59.6,-2.4,-3.87%,62.45,59.5,191200,7/27/2018
PDCE,Pdc Energy Inc,61.83,-1.71,-2.69%,63.69,61.36,594800,7/27/2018
PDFS,Pdf Solutions Inc,10.62,-0.11,-1.03%,10.78,10.51,127800,7/27/2018
PEI,Pennsylvania Real Estate Investment,10.15,-0.5,-4.69%,10.65,10.15,915900,7/27/2018
PENN,Penn Natl Gaming Inc,31.24,-1.26,-3.88%,33.07,31.05,1617700,7/27/2018
PERY,Perry Ellis Int,27.93,-0.19,-0.68%,28.12,27.76,60500,7/27/2018
PES,Pioneer Energy Services Corp,4.85,-0.15,-3.00%,5.15,4.85,493600,7/27/2018
PETS,Petmed Express Inc,35.43,-0.71,-1.96%,36.44,35.39,721600,7/27/2018
PFS,Provident Financial Services,26.23,-1.46,-5.27%,27.83,26.17,341100,7/27/2018
PGNX,Progenics Pharmaceut,7.66,0.25,3.37%,7.68,7.3,1834500,7/27/2018
PGTI,Pgt Inc,23.75,-0.05,-0.21%,24.05,23.3,885700,7/27/2018
PJC,Piper Jaffray Companies,77.15,1.1,1.45%,77.9,72.6,127800,7/27/2018
PKE,Park Electrochemical Corp,22.25,-0.44,-1.94%,22.75,22.15,83700,7/27/2018
PLAB,Photronics Inc,8.7,-0.05,-0.57%,8.9,8.68,299300,7/27/2018
PLAY,Dave & Buster's Ente,46.32,-0.32,-0.69%,47.15,46.03,857700,7/27/2018
PLCE,Children's Place Inc,119.35,-4.9,-3.94%,125.25,118.35,571500,7/27/2018
PLUS,Eplus Inc,98.9,-3.25,-3.18%,102.5,98.85,63500,7/27/2018
PLXS,Plexus Cp,58.98,-1.04,-1.73%,60.32,58.45,190200,7/27/2018
PMT,Pennymac Mortgage Investment Trust,19.01,-0.05,-0.26%,19.06,18.88,351300,7/27/2018
POWI,Power Integratn,71.07,-4.53,-5.99%,78,67.65,613800,7/27/2018
POWL,Powell Inds Inc,35.29,-1.01,-2.78%,36.7,35.08,29300,7/27/2018
PPBI,Pacific Premier Bncp,37.55,-0.2,-0.53%,37.8,37.28,288900,7/27/2018
PRA,Pro-Assurance Corp,40.15,-0.55,-1.35%,40.95,39.9,302800,7/27/2018
PRAA,Pra Group Inc,40.5,-1.8,-4.26%,42.5,40.45,245900,7/27/2018
PRFT,Perficient Inc,26.68,-0.66,-2.41%,27.42,26.6,109500,7/27/2018
PRGS,Progress Software,38.21,-1.7,-4.26%,40,38.04,259900,7/27/2018
PRLB,Proto Labs Inc,128.1,-8.6,-6.29%,138.3,127.45,168700,7/27/2018
PRSC,Providence Svc Cp,70.43,-0.96,-1.34%,71.54,70.26,55800,7/27/2018
PSB,Business Parks,125.56,-1.97,-1.54%,127.7,125.46,62700,7/27/2018
PUMP,Propetro Holding Corp,15.72,0.79,5.29%,15.76,14.96,1349900,7/27/2018
PVAC,Penn Va Corp,81.02,-0.06,-0.07%,81.24,78.38,159300,7/27/2018
QHC,Quorum Health Corp,4.75,-0.15,-3.06%,4.96,4.65,135700,7/27/2018
QLYS,Qualys Inc,90.45,-4.65,-4.89%,95.58,88.35,596700,7/27/2018
QNST,Quinstreet Inc,13.75,-0.51,-3.58%,14.39,13.66,392800,7/27/2018
QSII,Quality Systems Inc,20.08,-0.73,-3.51%,20.91,20.07,189800,7/27/2018
RAVN,Raven Industries Inc,38.8,-1.5,-3.72%,40.5,38.7,83100,7/27/2018
RCII,Rent-A-Center Inc,14.75,0,unch,14.75,14.7,1001100,7/27/2018
RECN,Resources Connect,15.55,-0.05,-0.32%,15.82,15.45,224900,7/27/2018
REGI,Renewable Energy,16.55,0.1,0.61%,16.65,16.4,443700,7/27/2018
REI,Ring Energy Inc,12.52,-0.57,-4.35%,13.22,12.5,404500,7/27/2018
REX,Rex American Resources Corp,75.82,-0.53,-0.69%,76.92,75.12,42500,7/27/2018
RGEN,Repligen Cp,47.56,-1.26,-2.58%,49.01,47.46,238500,7/27/2018
RGNX,Regenxbio Inc,66.95,-1.95,-2.83%,69.6,64.55,589600,7/27/2018
RGR,Sturm Ruger & Company,54.25,-1.5,-2.69%,56.5,54.15,139200,7/27/2018
RGS,Regis Corp,17.44,-0.33,-1.86%,17.83,17.36,97900,7/27/2018
RH,Restoration Hardware Holdings,137.68,-1.78,-1.28%,142.8,136.17,449400,7/27/2018
RLI,Rli Corp,73.78,-0.94,-1.26%,75.01,73.29,222800,7/27/2018
RMAX,Re/Max Holdings Inc,50.6,-1.65,-3.16%,52.4,50.45,67700,7/27/2018
RMBS,Rambus Inc,13.39,-0.07,-0.52%,13.61,13.38,727300,7/27/2018
ROCK,Gibraltar Ind Inc,43.6,1.8,4.31%,44.1,41.75,528500,7/27/2018
ROG,Rogers Corp,121.88,-1.04,-0.85%,123.54,120.73,106500,7/27/2018
ROIC,Retail Opp Invts Cp,18.3,-0.45,-2.40%,18.93,18.29,1858400,7/27/2018
RPT,Ramco-Gershenson Properties Trust,12.84,-0.33,-2.51%,13.2,12.84,800000,7/27/2018
RRD,Donnelley [R.R.] & Sons Co,5.42,-0.06,-1.09%,5.5,5.33,657000,7/27/2018
RRGB,Red Robin Gourm,47.95,-0.9,-1.84%,49.65,47.8,184000,7/27/2018
RTEC,Rudolph Technologies,29.35,0.2,0.69%,29.7,28.95,143900,7/27/2018
RUTH,Ruth's Hospitality,29.5,-0.15,-0.51%,29.95,29.45,178600,7/27/2018
RYAM,Rayonier Advanced Materials Inc,17.28,-0.24,-1.37%,17.59,17.17,313800,7/27/2018
SAFT,Safety Ins Group Inc,89.6,-2.05,-2.24%,91.75,89.6,18900,7/27/2018
SAH,Sonic Automotive,18.45,0.5,2.79%,19.55,18.05,244200,7/27/2018
SAIA,Saia Inc,72.9,-1.45,-1.95%,75.03,72.6,307300,7/27/2018
SANM,Sanmina Corp,29.4,-0.8,-2.65%,30.4,29.4,393900,7/27/2018
SBCF,Seacoast Banking Cp,31.12,-1.85,-5.61%,32.42,30.88,618700,7/27/2018
SBSI,Southside Bancshares,35.02,-0.58,-1.63%,35.91,34.49,124900,7/27/2018
SCHL,Scholastic Cp,41.18,-0.38,-0.91%,41.77,41.18,98000,7/27/2018
SCL,Stepan Company,86.9,0.92,1.07%,87.41,85.97,93200,7/27/2018
SCSC,Scansource Inc,40.55,-1.15,-2.76%,41.7,40.4,39200,7/27/2018
SCVL,Shoe Carnival Inc,31.17,-0.48,-1.52%,31.92,30.86,232600,7/27/2018
SEDG,Solaredge Tech,53.95,-1,-1.82%,54.5,51.7,1094000,7/27/2018
SEM,Select Medical Holdings Corp,20.85,-0.75,-3.47%,21.65,20.7,456800,7/27/2018
SENEA,Seneca Foods Cp A,27.05,-0.7,-2.52%,28,27.05,7900,7/27/2018
SFBS,Servisfirst Bancs,42.01,0.09,0.21%,42.13,41.63,119800,7/27/2018
SFLY,Shutterfly Inc,84.79,-1.88,-2.17%,87.1,84.45,610500,7/27/2018
SFNC,Simmons First Natl,30,-0.15,-0.50%,30.3,29.8,314100,7/27/2018
SHAK,Shake Shack Inc,64.42,0.03,0.05%,65.99,63.54,677100,7/27/2018
SHLM,Schulman A Inc,43.6,-0.25,-0.57%,43.8,43.6,103700,7/27/2018
SHOO,Steven Maddens Ltd,53.55,-1.6,-2.90%,55.35,53.1,354800,7/27/2018
SIGI,Selective Ins Group,58.6,-1.1,-1.84%,60.3,58.6,165500,7/27/2018
SJI,South Jersey Industries,33.52,-0.28,-0.83%,33.94,33.23,374000,7/27/2018
SKYW,Skywest Inc,60.6,3.05,5.30%,62.45,58.5,568500,7/27/2018
SLCA,U.S. Silica Holdings Inc,26.74,1.03,4.01%,27,25.8,2620800,7/27/2018
SMCI,Super Micro Computer,22.2,-1,-4.31%,23.25,21.67,304000,7/27/2018
SMP,Standard Motor Products,45.86,0.76,1.69%,46.07,44.67,137200,7/27/2018
SMTC,Semtech Corp,48.75,-1.3,-2.60%,50.25,48.25,275000,7/27/2018
SNBR,Sleep Number Corporation,27.14,-2.19,-7.47%,29.22,26.22,1695400,7/27/2018
SONC,Sonic Cp,35.21,-0.85,-2.36%,36.42,35.11,397800,7/27/2018
SPOK,Spok Holdings Inc,14.75,-0.1,-0.67%,15.05,14.6,78500,7/27/2018
SPPI,Spectrum Pharma Inc,21.39,-0.53,-2.42%,22.06,21.15,1003400,7/27/2018
SPSC,Sps Commerce Inc,85.71,8.76,11.38%,89.9,83.24,585200,7/27/2018
SPTN,Spartannash Company,24.14,-0.87,-3.48%,24.95,24.04,145200,7/27/2018
SPXC,SPX Corp,36.49,-0.45,-1.22%,37.09,36.39,118300,7/27/2018
SR,Spire Inc,71.75,-0.75,-1.03%,72.7,71.45,197400,7/27/2018
SRCI,Src Energy Inc,11.02,-0.38,-3.33%,11.56,10.99,2300500,7/27/2018
SRDX,Surmodics Inc,59.3,-3.7,-5.87%,63.25,59.01,101000,7/27/2018
SSD,Simpson Manufacturing Company,60.06,-0.94,-1.54%,61.45,59.75,229500,7/27/2018
SSP,E.W. Scripps Company,12.6,-0.47,-3.60%,13.12,12.44,261400,7/27/2018
SSTK,Shutterstock Inc,47.39,-1.96,-3.97%,49.44,47.12,224700,7/27/2018
STBA,S&T Bancorp Inc,45.18,-0.49,-1.07%,45.77,45.05,52700,7/27/2018
STC,Stewart Information Services Corp,44.87,-0.32,-0.71%,45.46,44.73,68000,7/27/2018
STMP,Stamps.Com Inc,272.15,-7.25,-2.59%,281.35,270.15,161100,7/27/2018
STRA,Strayer Education,119.56,-1.3,-1.08%,121.3,119.18,69300,7/27/2018
SUP,Superior Industries International,17.2,0.1,0.58%,17.41,16.95,87600,7/27/2018
SUPN,Supernus Pharm,53.45,0.1,0.19%,54,53.05,475400,7/27/2018
SVU,Supervalu Inc,32.07,-0.1,-0.31%,32.16,32,6112700,7/27/2018
SWM,Schweitzer-Mauduit International,41.39,-0.76,-1.80%,42.06,41.24,93000,7/27/2018
SXC,Suncoke Energy Inc,11.89,-0.5,-4.04%,12.58,11.8,469100,7/27/2018
SXI,Standex International Corp,103.3,-2.45,-2.32%,106.2,103.15,23000,7/27/2018
SYKE,Sykes Enterprises,28.99,-0.92,-3.08%,30.06,28.95,112800,7/27/2018
TBI,Trueblue Inc,27.5,-0.45,-1.61%,28.25,27.35,170400,7/27/2018
TCMD,Tactile Systems Technology Inc,48.65,-4.16,-7.88%,53.01,47.55,332300,7/27/2018
TG,Tredegar Corp,25.55,-0.7,-2.67%,26.45,25.35,67400,7/27/2018
TGI,Triumph Group,19.85,-0.1,-0.50%,20.15,19.45,380700,7/27/2018
THRM,Gentherm Inc,44.05,-0.9,-2.00%,45.4,43.6,318900,7/27/2018
TILE,Interface Inc,22,-0.05,-0.23%,22.2,21.7,550600,7/27/2018
TISI,Team Inc,22.35,-0.4,-1.76%,22.8,22.25,180800,7/27/2018
TIVO,Tivo Corp,11.8,-0.45,-3.67%,12.35,11.75,753900,7/27/2018
TLRD,Tailored Brands Inc,20.56,-1.19,-5.47%,21.98,20.53,1829500,7/27/2018
TMP,Tompkinstrustco,87.23,-1.39,-1.57%,88.69,87.09,19000,7/27/2018
TMST,Timken Steel Corp,15.51,-2.92,-15.84%,17.5,15.09,1836300,7/27/2018
TNC,Tennant Company,83.45,0.75,0.91%,84,82.6,259300,7/27/2018
TPRE,Third Point Reinsurance Ltd Co,12.4,-0.2,-1.59%,12.68,12.3,637400,7/27/2018
TREX,Trex Company,64.69,-1.77,-2.66%,67.23,63.87,527900,7/27/2018
TRHC,Tabula Rasa Healthcare Inc,60.69,-4.19,-6.46%,65.22,60.14,269600,7/27/2018
TRST,Trustco Bank Corp NY,9.15,-0.1,-1.08%,9.4,9.1,345400,7/27/2018
TTEC,Teletech Hldgs,31.9,-2.05,-6.04%,34.05,31.85,48800,7/27/2018
TTEK,Tetra Tech Inc,60.3,-1.45,-2.35%,62.25,60.1,160000,7/27/2018
TTI,Tetra Technologies,4.14,-0.14,-3.27%,4.29,4.11,540500,7/27/2018
TTMI,TTM Technologies I,17.41,-0.44,-2.46%,17.91,17.33,405300,7/27/2018
TTS,Tile Shop Hldgs,8.15,-0.2,-2.40%,8.3,7.95,347800,7/27/2018
TVPT,Travelport Worldwide Ltd,18.98,-0.25,-1.30%,19.3,18.88,493500,7/27/2018
TVTY,Tivity Health,34.15,-0.3,-0.87%,34.59,33.8,311400,7/27/2018
TWI,Titan International,10.15,-0.18,-1.74%,10.46,10.01,224000,7/27/2018
TYPE,Monotype Imag. Hold.,21.2,1.1,5.47%,21.3,19.95,504800,7/27/2018
UBA,Urstadt Biddle Properties Inc,21.86,-0.69,-3.06%,22.61,21.74,76000,7/27/2018
UCBI,United Comm Banks,30.23,-0.2,-0.66%,30.58,29.93,546000,7/27/2018
UCTT,Ultra Clean Holdings,14.48,-0.37,-2.49%,15.42,14.3,2913000,7/27/2018
UEIC,Universal Elect In,35.25,-0.4,-1.12%,35.95,34.5,104800,7/27/2018
UFCS,United Fire Group I,60.54,-0.4,-0.66%,61.56,60.14,81100,7/27/2018
UFI,Unifi Inc,30.07,-0.81,-2.62%,31.09,29.9,47600,7/27/2018
UFPI,Universal Forest Prd,35.6,-0.91,-2.49%,36.7,35.58,315100,7/27/2018
UHT,Universal Health Realty Income Trust,65.02,-0.38,-0.58%,65.97,63.42,38300,7/27/2018
UIHC,United Insurance Hld,20.29,-0.23,-1.12%,20.74,20.01,55900,7/27/2018
UNF,Unifirst Corp,184.85,-4.15,-2.20%,188.6,184.35,28900,7/27/2018
UNT,Unit Corp,24.41,-0.73,-2.90%,25.27,24.33,355100,7/27/2018
USCR,U S Concrete Inc,51.4,0.6,1.18%,51.55,50.72,209100,7/27/2018
USPH,U.S. Physical Therapy,106,-0.8,-0.75%,107.15,104.4,33800,7/27/2018
UVE,Universal Insurance Holdings Inc,42.1,0.05,0.12%,42.65,40.2,367900,7/27/2018
UVV,Universal Corp,66,-0.05,-0.08%,66.3,65.25,140800,7/27/2018
VAC,Marriot Vacations Worldwide Cor,119.13,-3.08,-2.52%,122.26,118.66,292400,7/27/2018
VECO,Veeco Instrument,14.55,-0.35,-2.35%,15.35,14.5,481600,7/27/2018
VG,Vonage Holdings,12.88,-0.45,-3.38%,13.4,12.85,974800,7/27/2018
VIAV,Viavi Solutions,10.1,-0.23,-2.23%,10.34,10.05,1202900,7/27/2018
VICR,Vicor Cp,57.55,-2.95,-4.88%,60.7,57.05,289500,7/27/2018
VIVO,Meridian Bioscience,15.45,-0.35,-2.22%,15.9,15.4,186700,7/27/2018
VRA,Vera Bradley,12.99,-0.64,-4.70%,13.84,12.86,253100,7/27/2018
VREX,Varex Imaging Corp,37.6,-0.78,-2.03%,39.39,37.44,250700,7/27/2018
VRTS,Virtus Inv Prts,129.4,-0.25,-0.19%,134.1,124.6,71500,7/27/2018
VRTU,Virtusa Corp,53.22,-1.23,-2.26%,54.54,52.88,88700,7/27/2018
VRTV,Veritiv Corp,36.35,-0.85,-2.28%,37.45,36.05,29800,7/27/2018
VSI,Vitamin Shoppe Inc,7.85,0,unch,7.95,7.55,346300,7/27/2018
VSTO,Vista Outdoor Inc,15.75,-0.14,-0.88%,16.1,15.57,379500,7/27/2018
VVI,Viad Corp,57.45,1,1.77%,59.7,55.95,69100,7/27/2018
WABC,Westamerica Bancorp,60.22,-0.43,-0.71%,61.14,60,86900,7/27/2018
WAGE,Wageworks Inc,54.35,-0.05,-0.09%,54.7,53.75,178500,7/27/2018
WD,Walker & Dunlop,57.6,-2.16,-3.61%,60.67,57.56,327000,7/27/2018
WDFC,W D 40 Co,160,-1.8,-1.11%,162,159.55,50900,7/27/2018
WDR,Waddell & Reed Financial,18.9,-0.35,-1.82%,19.37,18.83,966200,7/27/2018
WETF,Wisdomtree Invstmnts,9.41,0.12,1.29%,9.56,9,1369400,7/27/2018
WGO,Winnebago Industries,38.3,-0.65,-1.67%,39.85,37.9,305700,7/27/2018
WING,Wingstop Inc,51.11,-0.15,-0.29%,52.12,50.86,470900,7/27/2018
WIRE,Encore Wire Cp,46.5,-0.5,-1.06%,47.1,46.05,55000,7/27/2018
WLH,William Lyon Homes,21.81,-0.57,-2.55%,22.6,21.52,301800,7/27/2018
WNC,Wabash National Corp,19.1,-0.2,-1.04%,19.48,19.07,241000,7/27/2018
WPG,Washington Prime Group Inc,7.58,-0.35,-4.41%,7.98,7.58,2166400,7/27/2018
WRLD,World Acceptance Cp,100.93,-3.01,-2.90%,108.79,100.54,122900,7/27/2018
WSR,Whitestone REIT,12.45,-0.35,-2.73%,12.84,12.42,230800,7/27/2018
WTS,Watts Water Technologies,83.75,-0.55,-0.65%,84.65,83.2,123500,7/27/2018
WWE,World Wrestling Entertainment,81.75,-2.09,-2.49%,85.93,79.35,2350500,7/27/2018
WWW,Wolverine World Wide,35.18,-1.56,-4.25%,37.02,35.17,697100,7/27/2018
XOXO,Xoxo Group Inc,32.21,-1.62,-4.79%,33.71,31.94,215000,7/27/2018
XPER,Xperi Corp,15.95,-0.3,-1.85%,16.5,15.8,314500,7/27/2018
ZEUS,Olympic Steel Inc,22.25,-0.29,-1.29%,22.63,22.02,56200,7/27/2018
ZUMZ,Zumiez Inc,21.65,-0.7,-3.13%,22.4,21.45,343900,7/27/2018
Downloaded from Barchart.com as of 07-29-2018 10:23am CDT,,,,,,,,
